,stock,date_made,trigger_date,base_value,prediction,actual,error
0,BNZL.L,2016-12-01,2016-12-08,2035.0,2087.2143189331423,,
1,LLOY.L,2016-12-01,2016-12-08,57.87,65.0253178617903,,
2,LAND.L,2016-12-01,2016-12-08,942.59,1030.5683003664121,,
3,MRW.L,2016-12-01,2016-12-08,213.8,196.0072007018144,,
4,BT-A,2016-12-01,2016-12-08,,,,
5,OML.L,2016-12-01,2016-12-08,184.3,185.8169410761604,,
6,JMAT.L,2016-12-01,2016-12-08,3107.0,2746.057764991744,,
7,ANTO.L,2016-12-01,2016-12-08,680.0,489.44778571669747,,
8,BLND.L,2016-12-01,2016-12-08,578.575,625.5822070738948,,
9,PFG.L,2016-12-01,2016-12-08,2858.0,2941.4307329680487,,
10,VOD.L,2016-12-01,2016-12-08,191.5864,212.99193167228032,,
11,WPP.L,2016-12-01,2016-12-08,1651.0,1684.655482779713,,
12,GKN.L,2016-12-01,2016-12-08,304.0,296.97404663700434,,
13,SDR.L,2016-12-01,2016-12-08,2752.0,2716.8458836207933,,
14,DLG.L,2016-12-01,2016-12-08,344.0,360.6086307423191,,
15,WTB.L,2016-12-01,2016-12-08,3463.0,3824.179481356167,,
16,LGEN.L,2016-12-01,2016-12-08,239.9,229.11607915582817,,
17,TW.L,2016-12-01,2016-12-08,147.5,166.1686410829595,,
18,TSCO.L,2016-12-01,2016-12-08,205.45,165.5391444284258,,
19,MERL.L,2016-12-01,2016-12-08,431.6,445.469228462358,,
20,BLT.L,2016-12-01,2016-12-08,1335.0,885.7860032786317,,
21,STAN.L,2016-12-01,2016-12-08,641.1,493.3225724688156,,
22,PSN.L,2016-12-01,2016-12-08,1702.0,1851.503650935609,,
23,SHP.L,2016-12-01,2016-12-08,4648.5,4037.419684947015,,
24,RB.L,2016-12-01,2016-12-08,6612.0,6988.161019583718,,
25,RR.L,2016-12-01,2016-12-08,676.5,666.654155951626,,
26,ULVR.L,2016-12-01,2016-12-08,3196.0,3405.4520009055145,,
27,AHT.L,2016-12-01,2016-12-08,1541.0,904.363948088548,,
28,CCL.L,2016-12-01,2016-12-08,3928.0,3386.5132114866633,,
29,LAND.L,2016-12-01,2016-12-08,954.0,1031.387701871845,,
30,LLOY.L,2016-12-01,2016-12-08,57.87,66.84738307486442,,
31,TUI.L,2016-12-02,2016-12-09,1048.0,1019.87634253637,,
32,PPB.L,2016-12-02,2016-12-09,8364.25,9161.814583807429,,
33,CPI.L,2016-12-02,2016-12-09,530.5,793.9720513726281,,
34,RIO.L,2016-12-02,2016-12-09,3027.73,1961.4976667674305,,
35,AZN.L,2016-12-02,2016-12-09,4079.098145,3907.255991794555,,
36,BA.L,2016-12-02,2016-12-09,597.0,530.4892510143175,,
37,ITRK.L,2016-12-02,2016-12-09,3243.63,3159.0970778929445,,
38,CCH.L,2016-12-02,2016-12-09,1633.0,1438.6477575665601,,
39,BARC.L,2016-12-02,2016-12-09,219.05,159.718940436259,,
40,TSCO.L,2016-12-02,2016-12-09,205.55,166.92161384481946,,
41,RMG.L,2016-12-02,2016-12-09,455.2,459.00465274843896,,
42,BT-A,2016-12-02,2016-12-09,,,,
43,CPG.L,2016-12-02,2016-12-09,1320.76392,1242.5750121054366,,
44,GKN.L,2016-12-02,2016-12-09,306.2,295.93492881175166,,
45,CRH.L,2016-12-02,2016-12-09,2633.0,2109.643804740685,,
46,MNDI.L,2016-12-02,2016-12-09,1582.0,1352.1420365537972,,
47,MERL.L,2016-12-02,2016-12-09,429.6,452.3178595881642,,
48,RB.L,2016-12-02,2016-12-09,6652.0,7149.898475393508,,
49,UU.L,2016-12-02,2016-12-09,872.5,993.9280316584036,,
50,BKG.L,2016-12-02,2016-12-09,2504.0,2929.6635442641773,,
51,LSE.L,2016-12-02,2016-12-09,2678.0,2615.6012382432,,
52,PSON.L,2016-12-02,2016-12-09,780.5,812.5238606330415,,
53,NG.L,2016-12-02,2016-12-09,897.2954,1073.2952841160954,,
54,ULVR.L,2016-12-02,2016-12-09,3087.5,3412.287661979751,,
55,WPP.L,2016-12-02,2016-12-09,1651.0,1646.710973725084,,
56,SDR.L,2016-12-02,2016-12-09,2784.75,2726.5832150881743,,
57,UU.L,2016-12-02,2016-12-09,872.42,990.2673010683363,,
58,BA.L,2016-12-02,2016-12-09,598.0,530.7048176231001,,
59,AV.L,2016-12-02,2016-12-09,443.61779800000005,395.8485804228752,,
60,BP.L,2016-12-02,2016-12-09,472.924652,396.87841811444025,,
61,RDSB.L,2016-12-02,2016-12-09,2178.5864260000008,1870.553458398373,,
62,HMSO.L,2016-12-02,2016-12-09,532.5,547.1382893359661,,
63,HL.L,2016-12-02,2016-12-09,1175.89,1248.3361065721235,,
64,GKN.L,2016-12-02,2016-12-09,306.2,293.51227296204036,,
65,CPG.L,2016-12-02,2016-12-09,1320.76392,1284.9852263646405,,
66,CCL.L,2016-12-02,2016-12-09,3965.193604,3417.939477652104,,
67,WTB.L,2016-12-02,2016-12-09,3406.031006,3774.066787522912,,
68,LGEN.L,2016-12-02,2016-12-09,242.3,227.9275405150801,,
69,GSK.L,2016-12-02,2016-12-09,1468.5,1482.6555635841266,,
70,RIO.L,2016-12-02,2016-12-09,3027.73,1948.4331981482417,,
71,WOS.L,2016-12-02,2016-12-09,4665.0,3691.3747527594787,,
72,SVT.L,2016-12-02,2016-12-09,2113.0,2188.9544896787147,,
73,CNA.L,2016-12-02,2016-12-09,209.28,208.5883030213401,,
74,BATS.L,2016-12-02,2016-12-09,4306.1777,4150.833365495434,,
75,BLT.L,2016-12-02,2016-12-09,1338.88,878.9153587734511,,
76,LAND.L,2016-12-02,2016-12-09,939.962952,1037.2068340214178,,
77,TPK.L,2016-12-02,2016-12-09,1352.88,1603.81039764584,,
78,HSBA.L,2016-12-02,2016-12-09,622.94574,450.1730901640897,,
79,BARC.L,2016-12-02,2016-12-09,215.464218,162.0096622657243,,
80,WPG.L,2016-12-02,2016-12-09,263.579224,286.8291225830705,,
81,III.L,2016-12-02,2016-12-09,680.40918,4.597053453308502,,
82,BAB.L,2016-12-02,2016-12-09,944.0,934.031959409078,,
83,RDSA.L,2016-12-02,2016-12-09,2073.0,1677.6683673636785,,
84,TPK.L,2016-12-02,2016-12-09,1352.88,1617.2149639818833,,
85,HIK.L,2016-12-02,2016-12-09,1639.9,2064.9805650503813,,
86,RSA.L,2016-12-02,2016-12-09,528.0,510.2727607338865,,
87,ANTO.L,2016-12-02,2016-12-09,705.44,494.9302595454042,,
88,MERL.L,2016-12-02,2016-12-09,431.614777,445.8124651206935,,
89,EXPN.L,2016-12-02,2016-12-09,1499.87,1339.4357208435952,,
90,WPP.L,2016-12-02,2016-12-09,1652.0,1658.0257287470718,,
91,FRES.L,2016-12-02,2016-12-09,1167.952393,1333.0373675598964,,
92,ULVR.L,2016-12-02,2016-12-09,3077.9138,3486.164073092605,,
93,HL.L,2016-12-02,2016-12-09,1177.0,1235.2240426849726,,
94,BT-A,2016-12-02,2016-12-09,,,,
95,SDR.L,2016-12-02,2016-12-09,2756.0,2735.3033015747314,,
96,STAN.L,2016-12-02,2016-12-09,650.0,553.618172247939,,
97,WPG.L,2016-12-02,2016-12-09,263.579224,288.97003358339845,,
98,SVT.L,2016-12-02,2016-12-09,2104.0,2175.5856299457573,,
99,REX.L,2016-12-02,2016-12-09,645.0762,613.986334411619,,
100,GKN.L,2016-12-02,2016-12-09,306.2,290.36789780368036,,
101,LSE.L,2016-12-02,2016-12-09,2709.94,2655.0556110801667,,
102,SBRY.L,2016-12-02,2016-12-09,226.2,244.53440246742272,,
103,MRW.L,2016-12-02,2016-12-09,214.466064,202.2214443474155,,
104,OML.L,2016-12-02,2016-12-09,182.9,181.33149791315682,,
105,BLT.L,2016-12-02,2016-12-09,1338.88,849.3590033296556,,
106,TPK.L,2016-12-02,2016-12-09,1352.88,1622.3859160281695,,
107,CNA.L,2016-12-02,2016-12-09,209.28,209.68191418464073,,
108,CCL.L,2016-12-02,2016-12-09,3907.0,3402.1363245938287,,
109,INF.L,2016-12-02,2016-12-09,642.0,706.3514411843303,,
110,WOS.L,2016-12-02,2016-12-09,4679.0,3759.57347524557,,
111,ITRK.L,2016-12-02,2016-12-09,3243.63,3140.973793806349,,
112,BKG.L,2016-12-02,2016-12-09,2760.0,2948.3309947231073,,
113,ANTO.L,2016-12-02,2016-12-09,705.44,493.0526132142105,,
114,RDSB.L,2016-12-02,2016-12-09,2178.5864260000008,1718.9230831622092,,
115,WPG.L,2016-12-02,2016-12-09,263.579224,285.93552023721827,,
116,AV.L,2016-12-02,2016-12-09,443.61779800000005,391.1058549300431,,
117,RMG.L,2016-12-02,2016-12-09,465.9,475.06426288626716,,
118,BAB.L,2016-12-02,2016-12-09,944.0,955.4781222421007,,
119,GLEN.L,2016-12-02,2016-12-09,276.05,191.0578377211177,,
120,KGF.L,2016-12-02,2016-12-09,348.0,335.8708029815548,,
121,MRW.L,2016-12-02,2016-12-09,215.3,199.86612120026336,,
122,CPI.L,2016-12-02,2016-12-09,534.95,807.7066595434003,,
123,PSON.L,2016-12-02,2016-12-09,780.4643,799.6110014315759,,
124,JMAT.L,2016-12-02,2016-12-09,3052.0,2688.004126487319,,
125,WTB.L,2016-12-02,2016-12-09,3384.0,3801.214591712112,,
126,NG.L,2016-12-02,2016-12-09,897.2954,1072.0925330423668,,
127,BLT.L,2016-12-02,2016-12-09,1292.5,851.9340273550798,,
128,SHP.L,2016-12-02,2016-12-09,4589.5,4222.743368301879,,
129,REL.L,2016-12-02,2016-12-09,1356.076416,1286.374812223824,,
130,CCH.L,2016-12-02,2016-12-09,1630.955322,1444.4538724294491,,
131,PSN.L,2016-12-03,2016-12-10,1696.0,1865.9309267582346,,
132,BT-A,2016-12-03,2016-12-10,,,,
133,MKS.L,2016-12-03,2016-12-10,327.2,342.76308359270837,,
134,REX.L,2016-12-03,2016-12-10,645.0762,622.9231914562154,,
135,RIO.L,2016-12-03,2016-12-10,3005.5,1910.1955112994613,,
136,EZJ.L,2016-12-03,2016-12-10,970.5,1237.211128920222,,
137,IMB.L,2016-12-03,2016-12-10,3395.5,3560.2126472760833,,
138,SBRY.L,2016-12-03,2016-12-10,229.0,236.32881888800412,,
139,TW.L,2016-12-03,2016-12-10,150.8,166.3424852815044,,
140,MERL.L,2016-12-03,2016-12-10,432.1,447.43742253195535,,
141,DGE.L,2016-12-03,2016-12-10,1957.5,2043.9421728785824,,
142,DC.L,2016-12-03,2016-12-10,346.3,367.0512598253824,,
143,IAG.L,2016-12-03,2016-12-10,416.0,436.2288098576756,,
144,HL.L,2016-12-03,2016-12-10,1180.0,1232.1861619768092,,
145,BDEV.L,2016-12-03,2016-12-10,475.3,528.919263392249,,
146,RDSB.L,2016-12-03,2016-12-10,2152.0,1772.6664583015713,,
147,BNZL.L,2016-12-03,2016-12-10,2034.0,2166.45453818982,,
148,SSE.L,2016-12-03,2016-12-10,1478.0,1502.9231930469793,,
149,BARC.L,2016-12-03,2016-12-10,212.95,163.12594723002073,,
150,BKG.L,2016-12-03,2016-12-10,2760.0,2995.165394916727,,
151,RSA.L,2016-12-03,2016-12-10,529.0,494.30232080445984,,
152,SL.L,2016-12-03,2016-12-10,345.7,323.38259845687685,,
153,WTB.L,2016-12-03,2016-12-10,3410.0,3804.506859425612,,
154,MNDI.L,2016-12-03,2016-12-10,1586.0,1348.6741843963887,,
155,CPI.L,2016-12-03,2016-12-10,542.0,776.4992695289212,,
156,BATS.L,2016-12-03,2016-12-10,4347.0,4349.022716426104,,
157,SGE.L,2016-12-03,2016-12-10,639.5,615.5183740034403,,
158,SKY.L,2016-12-03,2016-12-10,767.5,874.7294996594975,,
159,WTB.L,2016-12-03,2016-12-10,3410.0,3786.0919940249237,,
160,DC.L,2016-12-03,2016-12-10,346.3,380.36004883800337,,
161,FRES.L,2016-12-03,2016-12-10,1198.0,1121.806361902311,,
162,CPI.L,2016-12-03,2016-12-10,542.0,893.4688106173538,,
163,PSON.L,2016-12-03,2016-12-10,787.5,822.3635737946066,,
164,CRH.L,2016-12-03,2016-12-10,2575.0,1995.6820979022518,,
165,RMG.L,2016-12-03,2016-12-10,464.2,503.718159474852,,
166,BAB.L,2016-12-03,2016-12-10,950.0,942.2963481890804,,
167,MRW.L,2016-12-03,2016-12-10,216.5,200.64556426006604,,
168,HIK.L,2016-12-03,2016-12-10,1666.0,2092.3745741025377,,
169,INTU.L,2016-12-03,2016-12-10,262.1,286.0882084978167,,
170,UU.L,2016-12-03,2016-12-10,882.5,993.4281998060243,,
171,STJ.L,2016-12-03,2016-12-10,939.5,895.6031405943927,,
172,DGE.L,2016-12-03,2016-12-10,1957.5,2006.7578214048046,,
173,BA.L,2016-12-03,2016-12-10,594.0,528.0236671408983,,
174,MKS.L,2016-12-03,2016-12-10,327.2,346.75045630930106,,
175,PPB.L,2016-12-03,2016-12-10,8305.0,9105.13930405053,,
176,LAND.L,2016-12-03,2016-12-10,959.5,1010.8070453031545,,
177,IAG.L,2016-12-03,2016-12-10,416.0,444.7406560612793,,
178,EZJ.L,2016-12-03,2016-12-10,970.5,1203.3060606968127,,
179,REX.L,2016-12-03,2016-12-10,645.0762,616.8765854017595,,
180,ANTO.L,2016-12-03,2016-12-10,693.5,491.2490751754015,,
181,GLEN.L,2016-12-03,2016-12-10,277.9,181.63645283810712,,
182,BLND.L,2016-12-03,2016-12-10,587.0,630.1277831139928,,
183,RRS.L,2016-12-03,2016-12-10,5825.0,7717.004718083671,,
184,AV.L,2016-12-03,2016-12-10,443.4,391.91408645300316,,
185,TSCO.L,2016-12-03,2016-12-10,206.75,166.3173362257883,,
186,OML.L,2016-12-03,2016-12-10,184.9,185.346699626432,,
187,WPP.L,2016-12-03,2016-12-10,1670.0,1657.4138625128332,,
188,RDSA.L,2016-12-03,2016-12-10,2048.0,1741.6177043436228,,
189,VOD.L,2016-12-03,2016-12-10,191.4,213.21318164432518,,
190,KGF.L,2016-12-03,2016-12-10,350.3,333.79062489344267,,
191,BT-A,2016-12-03,2016-12-10,,,,
192,PSN.L,2016-12-03,2016-12-10,1696.0,1877.0709585466504,,
193,REL.L,2016-12-03,2016-12-10,1337.0,1241.5685761956242,,
194,SKY.L,2016-12-03,2016-12-10,767.5,862.9196570592845,,
195,EZJ.L,2016-12-03,2016-12-10,970.5,1203.2207451543075,,
196,BAB.L,2016-12-03,2016-12-10,950.0,936.1444725479604,,
197,RIO.L,2016-12-03,2016-12-10,3005.5,1935.680094451357,,
198,RSA.L,2016-12-03,2016-12-10,529.0,517.7641727384466,,
199,ITRK.L,2016-12-03,2016-12-10,3247.0,3060.917322856656,,
200,LAND.L,2016-12-03,2016-12-10,959.5,1021.651921126899,,
201,HMSO.L,2016-12-03,2016-12-10,535.0,548.365964115826,,
202,BA.L,2016-12-03,2016-12-10,594.0,525.5406606244528,,
203,PSON.L,2016-12-03,2016-12-10,787.5,812.9044789407263,,
204,SN.L,2016-12-03,2016-12-10,1117.0,1267.1197632533708,,
205,MRW.L,2016-12-03,2016-12-10,216.5,194.35783885224086,,
206,AV.L,2016-12-04,2016-12-11,443.4,396.3818760382586,,
207,CPI.L,2016-12-04,2016-12-11,542.0,847.8164010710602,,
208,BT-A,2016-12-04,2016-12-11,,,,
209,NG.L,2016-12-04,2016-12-11,902.8,1081.6447893801806,,
210,REX.L,2016-12-04,2016-12-11,645.0762,620.5287938505143,,
211,UU.L,2016-12-04,2016-12-11,882.5,988.5489988582608,,
212,EZJ.L,2016-12-04,2016-12-11,970.5,1098.3944478796784,,
213,LAND.L,2016-12-04,2016-12-11,959.5,1033.415926765596,,
214,CCL.L,2016-12-04,2016-12-11,3907.0,3476.7185164751286,,
215,JMAT.L,2016-12-04,2016-12-11,3082.0,2714.336324161311,,
216,STAN.L,2016-12-04,2016-12-11,645.0,496.2118471561932,,
217,HL.L,2016-12-04,2016-12-11,1180.0,1225.9544593462313,,
218,BNZL.L,2016-12-04,2016-12-11,2034.0,2130.7783052927807,,
219,MNDI.L,2016-12-04,2016-12-11,1586.0,1370.9143332502495,,
220,SHP.L,2016-12-04,2016-12-11,4589.5,4112.190663171062,,
221,STJ.L,2016-12-04,2016-12-11,939.5,889.6294547027901,,
222,WTB.L,2016-12-04,2016-12-11,3410.0,3746.346767308952,,
223,SGE.L,2016-12-04,2016-12-11,639.5,615.7550949831374,,
224,INTU.L,2016-12-04,2016-12-11,262.1,291.283629242998,,
225,SN.L,2016-12-04,2016-12-11,1117.0,1205.4863442273925,,
226,WPP.L,2016-12-04,2016-12-11,1670.0,1707.4436431705954,,
227,SVT.L,2016-12-04,2016-12-11,2127.0,2222.3777592599627,,
228,HMSO.L,2016-12-04,2016-12-11,535.0,547.7694343452173,,
229,SBRY.L,2016-12-04,2016-12-11,229.0,239.6056871043376,,
230,GKN.L,2016-12-04,2016-12-11,303.1,297.13714108342623,,
231,KGF.L,2016-12-04,2016-12-11,350.3,331.138666877146,,
232,BNZL.L,2016-12-04,2016-12-11,2034.0,2189.748520334465,,
233,JMAT.L,2016-12-04,2016-12-11,3082.0,2713.2156060280336,,
234,FRES.L,2016-12-04,2016-12-11,1198.0,1094.7627694812702,,
235,PRU.L,2016-12-04,2016-12-11,1561.0,1484.4270524295148,,
236,RMG.L,2016-12-04,2016-12-11,464.2,497.43366782135627,,
237,RSA.L,2016-12-04,2016-12-11,529.0,522.5685795382742,,
238,SL.L,2016-12-04,2016-12-11,345.7,316.04111521329094,,
239,MNDI.L,2016-12-04,2016-12-11,1586.0,1370.7656154416118,,
240,INTU.L,2016-12-04,2016-12-11,262.1,286.8471571679188,,
241,HSBA.L,2016-12-04,2016-12-11,627.1,437.48484250671737,,
242,CCH.L,2016-12-04,2016-12-11,1632.0,1423.9725577689762,,
243,STAN.L,2016-12-04,2016-12-11,645.0,503.0873519726541,,
244,MERL.L,2016-12-04,2016-12-11,432.1,447.3282363208197,,
245,SKY.L,2016-12-04,2016-12-11,767.5,850.6336992291623,,
246,WOS.L,2016-12-04,2016-12-11,4679.0,3900.3718678590635,,
247,BARC.L,2016-12-04,2016-12-11,212.95,162.11149760461473,,
248,RIO.L,2016-12-04,2016-12-11,3005.5,1939.06681128742,,
249,AHT.L,2016-12-04,2016-12-11,1535.0,918.9926753385063,,
250,CRH.L,2016-12-04,2016-12-11,2575.0,1986.37852487403,,
251,CCL.L,2016-12-04,2016-12-11,3907.0,3539.6684479438554,,
252,HMSO.L,2016-12-04,2016-12-11,535.0,541.7180586212894,,
253,PSON.L,2016-12-04,2016-12-11,787.5,819.1805384601288,,
254,ITV.L,2016-12-04,2016-12-11,166.9,194.97374366228928,,
255,ULVR.L,2016-12-04,2016-12-11,3110.5,3415.240724129047,,
256,CCH.L,2016-12-04,2016-12-11,1632.0,1429.3265258718136,,
257,STAN.L,2016-12-04,2016-12-11,645.0,503.3684304636048,,
258,PSON.L,2016-12-04,2016-12-11,787.5,811.138202960655,,
259,HSBA.L,2016-12-04,2016-12-11,627.1,429.92937079118917,,
260,HL.L,2016-12-04,2016-12-11,1180.0,1192.443240378752,,
261,BRBY.L,2016-12-04,2016-12-11,1412.0,1238.4696168127236,,
262,GSK.L,2016-12-04,2016-12-11,1467.0,1480.2827318453208,,
263,BA.L,2016-12-04,2016-12-11,594.0,525.1955576509822,,
264,NXT.L,2016-12-04,2016-12-11,4866.0,5252.461370074568,,
265,BP.L,2016-12-04,2016-12-11,466.65,404.79451063033247,,
266,REX.L,2016-12-04,2016-12-11,645.0762,623.1872811833331,,
267,SSE.L,2016-12-04,2016-12-11,1478.0,1507.6698248179932,,
268,CRH.L,2016-12-04,2016-12-11,2575.0,2008.1534703407535,,
269,SL.L,2016-12-04,2016-12-11,345.7,321.6769422315165,,
270,LLOY.L,2016-12-04,2016-12-11,57.55,67.36158383363087,,
271,AHT.L,2016-12-04,2016-12-11,1535.0,902.6902895598816,,
272,DCC.L,2016-12-04,2016-12-11,5930.0,6472.880383215614,,
273,TSCO.L,2016-12-04,2016-12-11,206.75,170.1186240240041,,
274,PSN.L,2016-12-04,2016-12-11,1696.0,1841.3468857622213,,
275,ITV.L,2016-12-04,2016-12-11,166.9,195.529676471538,,
276,DC.L,2016-12-04,2016-12-11,346.3,375.34983596631713,,
277,BDEV.L,2016-12-04,2016-12-11,475.3,506.7134198731995,,
278,DLG.L,2016-12-04,2016-12-11,347.3,360.0409978475257,,
279,ABF.L,2016-12-04,2016-12-11,2576.0,3055.280599299801,,
280,RRS.L,2016-12-04,2016-12-11,5825.0,7985.755023862804,,
281,KGF.L,2016-12-04,2016-12-11,350.3,333.6216563110598,,
282,SHP.L,2016-12-04,2016-12-11,4589.5,3885.047842875357,,
283,SDR.L,2016-12-04,2016-12-11,2789.0,2710.7908765703382,,
284,ITRK.L,2016-12-04,2016-12-11,3247.0,3122.025966466464,,
285,INTU.L,2016-12-04,2016-12-11,262.1,289.5002174754114,,
286,SKY.L,2016-12-04,2016-12-11,767.5,832.8401074533093,,
287,MNDI.L,2016-12-04,2016-12-11,1586.0,1367.2702302466125,,
288,ADM.L,2016-12-04,2016-12-11,1840.0,1916.423188022604,,
289,CPG.L,2016-12-04,2016-12-11,1341.0,1264.6822733613099,,
290,PFG.L,2016-12-04,2016-12-11,2853.0,2775.514078271397,,
291,RB.L,2016-12-04,2016-12-11,6593.0,7103.412907841182,,
292,DGE.L,2016-12-04,2016-12-11,1957.5,2028.276388655476,,
293,III.L,2016-12-04,2016-12-11,679.0,4.975760543799545,,
294,RMG.L,2016-12-04,2016-12-11,464.2,497.9648226979873,,
295,RBS.L,2016-12-04,2016-12-11,193.4,215.84831363204225,,
296,MRW.L,2016-12-04,2016-12-11,216.5,192.35717783051712,,
297,HMSO.L,2016-12-04,2016-12-11,535.0,546.8302636398937,,
298,RSA.L,2016-12-04,2016-12-11,529.0,516.2957892258659,,
299,GLEN.L,2016-12-04,2016-12-11,277.9,172.82649557613982,,
300,BAB.L,2016-12-04,2016-12-11,950.0,939.7476452107893,,
301,RDSB.L,2016-12-04,2016-12-11,2152.0,1782.8491635276732,,
302,SAB.L,2016-12-04,2016-12-11,4494.5,4276.117947022656,,
303,WOS.L,2016-12-04,2016-12-11,4679.0,3788.681278613362,,
304,NG.L,2016-12-04,2016-12-11,902.8,1079.3399986752395,,
305,STJ.L,2016-12-04,2016-12-11,939.5,891.2770057531112,,
306,III.L,2016-12-04,2016-12-11,679.0,5.420429061984022,,
307,REL.L,2016-12-04,2016-12-11,1337.0,1273.4314785983356,,
308,BAB.L,2016-12-04,2016-12-11,950.0,946.9686655581028,,
309,BNZL.L,2016-12-04,2016-12-11,2034.0,2116.110518446173,,
310,MDC.L,2016-12-04,2016-12-11,685.0,,,
311,RIO.L,2016-12-04,2016-12-11,3005.5,1938.3282481442716,,
312,PSN.L,2016-12-04,2016-12-11,1696.0,1880.5757031479764,,
313,PFG.L,2016-12-04,2016-12-11,2853.0,2747.3607865371328,,
314,ITV.L,2016-12-04,2016-12-11,166.9,201.3059664872351,,
315,GKN.L,2016-12-04,2016-12-11,303.1,296.06044656839987,,
316,SSE.L,2016-12-04,2016-12-11,1478.0,1497.2196095178024,,
317,UU.L,2016-12-04,2016-12-11,882.5,995.1082171646226,,
318,INTU.L,2016-12-04,2016-12-11,262.1,290.6975819884888,,
319,WTB.L,2016-12-04,2016-12-11,3410.0,3690.6695388277662,,
320,ABF.L,2016-12-04,2016-12-11,2576.0,3036.882728251343,,
321,IMB.L,2016-12-04,2016-12-11,3395.5,3731.3534743560376,,
322,BDEV.L,2016-12-04,2016-12-11,475.3,509.19598147482066,,
323,STJ.L,2016-12-04,2016-12-11,939.5,899.3417659887501,,
324,CNA.L,2016-12-04,2016-12-11,208.2,204.75625792690929,,
325,BLT.L,2016-12-04,2016-12-11,1304.0,885.3792912732015,,
326,SDR.L,2016-12-04,2016-12-11,2789.0,2726.762893291952,,
327,CPI.L,2016-12-04,2016-12-11,542.0,835.008988036741,,
328,BKG.L,2016-12-04,2016-12-11,2760.0,2989.946549382258,,
329,ITRK.L,2016-12-04,2016-12-11,3247.0,3163.461827881145,,
330,PSON.L,2016-12-04,2016-12-11,787.5,815.8161117059462,,
331,CPG.L,2016-12-04,2016-12-11,1341.0,1267.4373463455174,,
332,RDSB.L,2016-12-04,2016-12-11,2152.0,1927.86384380734,,
333,WTB.L,2016-12-04,2016-12-11,3410.0,3663.6983772822978,,
334,MNDI.L,2016-12-04,2016-12-11,1586.0,1359.4043039697713,,
335,ULVR.L,2016-12-04,2016-12-11,3110.5,3492.866558661798,,
336,LSE.L,2016-12-04,2016-12-11,2671.0,2599.312589334773,,
337,AZN.L,2016-12-04,2016-12-11,4055.0,4045.0040107987465,,
338,PRU.L,2016-12-04,2016-12-11,1561.0,1444.3661420530555,,
339,STAN.L,2016-12-04,2016-12-11,645.0,504.76124951789905,,
340,REX.L,2016-12-04,2016-12-11,645.0762,629.4451444372306,,
341,BATS.L,2016-12-04,2016-12-11,4347.0,4198.304797957429,,
342,ADM.L,2016-12-04,2016-12-11,1840.0,1880.5660155259225,,
343,DLG.L,2016-12-04,2016-12-11,347.3,358.9931402763174,,
344,RSA.L,2016-12-04,2016-12-11,529.0,503.0301126621748,,
345,LAND.L,2016-12-04,2016-12-11,959.5,1032.3634421919578,,
346,NG.L,2016-12-04,2016-12-11,902.8,1073.1659393623897,,
347,FRES.L,2016-12-04,2016-12-11,1198.0,1090.707895219853,,
348,DCC.L,2016-12-04,2016-12-11,5930.0,6369.8592325788095,,
349,BT-A,2016-12-04,2016-12-11,,,,
350,MRW.L,2016-12-04,2016-12-11,216.5,195.5891082572201,,
351,MKS.L,2016-12-04,2016-12-11,327.2,340.7021794686458,,
352,ANTO.L,2016-12-04,2016-12-11,693.5,504.28341922862717,,
353,RDSA.L,2016-12-04,2016-12-11,2048.0,1667.561272058134,,
354,SL.L,2016-12-04,2016-12-11,345.7,317.9178885962366,,
355,BA.L,2016-12-04,2016-12-11,594.0,539.0568183473282,,
356,BDEV.L,2016-12-04,2016-12-11,475.3,466.5141390936628,,
357,PSON.L,2016-12-04,2016-12-11,787.5,830.8912504782584,,
358,HIK.L,2016-12-04,2016-12-11,1666.0,2156.342267702314,,
359,REL.L,2016-12-04,2016-12-11,1337.0,1261.3926343729215,,
360,GKN.L,2016-12-04,2016-12-11,303.1,296.5066115238913,,
361,BAB.L,2016-12-04,2016-12-11,950.0,951.0834010628096,,
362,RIO.L,2016-12-04,2016-12-11,3005.5,2017.3290893750602,,
363,PFG.L,2016-12-04,2016-12-11,2853.0,2507.844142152524,,
364,MERL.L,2016-12-04,2016-12-11,432.1,448.1133243117782,,
365,JMAT.L,2016-12-04,2016-12-11,3082.0,2775.9247299242047,,
366,CCH.L,2016-12-04,2016-12-11,1632.0,1421.1637796866105,,
367,III.L,2016-12-04,2016-12-11,679.0,5.787015230581374,,
368,ITV.L,2016-12-04,2016-12-11,166.9,202.18704793500908,,
369,SGE.L,2016-12-04,2016-12-11,639.5,610.8253982936104,,
370,RR.L,2016-12-04,2016-12-11,661.0,646.4920579184586,,
371,ABF.L,2016-12-04,2016-12-11,2576.0,2977.1656863347325,,
372,SKY.L,2016-12-04,2016-12-11,767.5,848.2532813687271,,
373,SSE.L,2016-12-04,2016-12-11,1478.0,1508.7660199045026,,
374,DGE.L,2016-12-04,2016-12-11,1957.5,2035.8186366411053,,
375,BKG.L,2016-12-04,2016-12-11,2760.0,2994.4934388306046,,
376,BATS.L,2016-12-04,2016-12-11,4347.0,4066.042110853648,,
377,NXT.L,2016-12-04,2016-12-11,4866.0,5421.920926553372,,
378,EXPN.L,2016-12-04,2016-12-11,1512.0,1421.5631863377612,,
379,AZN.L,2016-12-04,2016-12-11,4055.0,4165.524136418815,,
380,IAG.L,2016-12-04,2016-12-11,416.0,442.32650188297873,,
381,BRBY.L,2016-12-04,2016-12-11,1412.0,1271.4510217984102,,
382,WPP.L,2016-12-04,2016-12-11,1670.0,1688.2020683190797,,
383,STAN.L,2016-12-04,2016-12-11,645.0,493.18957721067665,,
384,PRU.L,2016-12-04,2016-12-11,1561.0,1467.817518095384,,
385,SL.L,2016-12-04,2016-12-11,345.7,331.46989547949767,,
386,INTU.L,2016-12-04,2016-12-11,262.1,282.8045959208982,,
387,MRW.L,2016-12-04,2016-12-11,216.5,188.8246614978705,,
388,WTB.L,2016-12-04,2016-12-11,3410.0,3614.6509289618953,,
389,BT-A,2016-12-04,2016-12-11,,,,
390,ADM.L,2016-12-04,2016-12-11,1840.0,1937.1648384420293,,
391,ARM.L,2016-12-04,2016-12-11,1701.9,983.2478807556392,,
392,MKS.L,2016-12-04,2016-12-11,327.2,338.9594593839913,,
393,RBS.L,2016-12-04,2016-12-11,193.4,221.54952621477744,,
394,DC.L,2016-12-04,2016-12-11,346.3,369.65245415954286,,
395,PPB.L,2016-12-04,2016-12-11,8305.0,9299.53692909635,,
396,DLG.L,2016-12-04,2016-12-11,347.3,358.46923530703896,,
397,ULVR.L,2016-12-04,2016-12-11,3110.5,3361.966088059137,,
398,HSBA.L,2016-12-04,2016-12-11,627.1,441.46560177868776,,
399,MNDI.L,2016-12-04,2016-12-11,1586.0,1374.2365591703594,,
400,TW.L,2016-12-04,2016-12-11,150.8,163.19450455113042,,
401,RB.L,2016-12-04,2016-12-11,6593.0,7191.055825475194,,
402,DCC.L,2016-12-04,2016-12-11,5930.0,6298.102507806116,,
403,CPI.L,2016-12-04,2016-12-11,542.0,729.9830238779573,,
404,CPG.L,2016-12-04,2016-12-11,1341.0,1257.105173784021,,
405,BLND.L,2016-12-04,2016-12-11,587.0,630.2023085976766,,
406,TPK.L,2016-12-04,2016-12-11,1369.00,1554.5286318100605,,
407,ANTO.L,2016-12-04,2016-12-11,693.50,483.8441618244832,,
408,MNDI.L,2016-12-04,2016-12-11,1586.00,1377.5505829732483,,
409,CCH.L,2016-12-04,2016-12-11,1632.00,1403.4103264928665,,
410,PSON.L,2016-12-04,2016-12-11,787.50,814.5954727575822,,
411,HIK.L,2016-12-04,2016-12-11,1666.00,2025.1765040069843,,
412,STJ.L,2016-12-04,2016-12-11,939.50,896.7316705060183,,
413,BRBY.L,2016-12-04,2016-12-11,1412.00,1255.953136637315,,
414,ABF.L,2016-12-04,2016-12-11,2576.00,2886.1770593253864,,
415,TSCO.L,2016-12-04,2016-12-11,206.75,169.7407279734738,,
416,RDSB.L,2016-12-04,2016-12-11,2152.00,1809.602401720136,,
417,MRW.L,2016-12-04,2016-12-11,216.50,188.8639135008661,,
418,RBS.L,2016-12-04,2016-12-11,193.40,209.05502217270148,,
419,UU.L,2016-12-04,2016-12-11,882.50,979.7189717605835,,
420,MKS.L,2016-12-04,2016-12-11,327.20,343.4455155999185,,
421,JMAT.L,2016-12-04,2016-12-11,3082.00,2685.602124501954,,
422,PFG.L,2016-12-04,2016-12-11,2853.00,2727.1361666767707,,
423,BP.L,2016-12-04,2016-12-11,466.65,398.26782541175004,,
424,RRS.L,2016-12-04,2016-12-11,5825.00,7840.841732399937,,
425,RSA.L,2016-12-04,2016-12-11,529.00,497.55338696557146,,
426,PRU.L,2016-12-04,2016-12-11,1561.00,1470.307789411288,,
427,SGE.L,2016-12-04,2016-12-11,639.50,599.6975486681298,,
428,INF.L,2016-12-04,2016-12-11,642.00,705.0604469029356,,
429,REL.L,2016-12-04,2016-12-11,1337.00,1309.301194122486,,
430,LSE.L,2016-12-04,2016-12-11,2671.00,2599.8190529928693,,
431,DGE.L,2016-12-04,2016-12-11,1957.50,2031.654369711492,,
432,BA.L,2016-12-04,2016-12-11,594.00,536.5220351211353,,
433,STAN.L,2016-12-04,2016-12-11,645.00,492.79130672529806,,
434,LGEN.L,2016-12-04,2016-12-11,242.50,228.5858140481778,,
435,RIO.L,2016-12-04,2016-12-11,3005.50,1951.2511047219705,,
436,AHT.L,2016-12-04,2016-12-11,1535.00,916.9634627428734,,
437,HSBA.L,2016-12-04,2016-12-11,627.10,437.711087821187,,
438,SVT.L,2016-12-04,2016-12-11,2127.00,2239.1973608111753,,
439,BDEV.L,2016-12-04,2016-12-11,475.30,512.3532609861516,,
440,III.L,2016-12-04,2016-12-11,679.00,4.232098012279042,,
441,PSN.L,2016-12-04,2016-12-11,1696.00,1873.5682777274435,,
442,HL.L,2016-12-04,2016-12-11,1180.00,1222.4068744663812,,
443,RDSA.L,2016-12-04,2016-12-11,2048.00,1616.8465935578265,,
444,ULVR.L,2016-12-04,2016-12-11,3110.50,3341.787737576429,,
445,WOS.L,2016-12-04,2016-12-11,4679.00,3774.4650193884445,,
446,KGF.L,2016-12-04,2016-12-11,350.30,331.33067246141684,,
447,GKN.L,2016-12-04,2016-12-11,303.10,299.5484257251722,,
448,BLT.L,2016-12-04,2016-12-11,1304.00,883.7375486249979,,
449,SDR.L,2016-12-04,2016-12-11,2789.00,2667.8874279849683,,
450,REX.L,2016-12-04,2016-12-11,645.0762,615.5371528450166,,
451,WPG.L,2016-12-04,2016-12-11,259.80,283.7737311560346,,
452,CCL.L,2016-12-04,2016-12-11,3907.00,3576.955772231244,,
453,WTB.L,2016-12-04,2016-12-11,3410.00,3667.996453683246,,
454,ARM.L,2016-12-04,2016-12-11,1701.90,958.3488449368073,,
455,DC.L,2016-12-04,2016-12-11,346.30,368.3710321261146,,
456,BKG.L,2016-12-04,2016-12-11,2760.00,2943.125462133143,,
457,RRS.L,2016-12-04,2016-12-11,5825.00,7309.205812919096,,
458,MERL.L,2016-12-04,2016-12-11,432.10,445.6144683182164,,
459,INTU.L,2016-12-04,2016-12-11,262.4305,287.9578894603892,,
460,HMSO.L,2016-12-04,2016-12-11,534.95,544.6324079628245,,
461,EXPN.L,2016-12-04,2016-12-11,1512.00,1388.5408674931107,,
462,CCL.L,2016-12-04,2016-12-11,3907.00,3531.9745270792496,,
463,WOS.L,2016-12-04,2016-12-11,4679.00,3813.6585677563753,,
464,TPK.L,2016-12-04,2016-12-11,1369.00,1614.2725076641455,,
465,RBS.L,2016-12-04,2016-12-11,194.251,222.80463888757893,,
466,BATS.L,2016-12-04,2016-12-11,4347.00,4207.444332065784,,
467,ITV.L,2016-12-04,2016-12-11,166.90,192.050037420791,,
468,BP.L,2016-12-04,2016-12-11,465.865723,403.48521345508345,,
469,CRH.L,2016-12-04,2016-12-11,2575.00,1995.163242135373,,
470,BARC.L,2016-12-04,2016-12-11,212.95,162.08145754665307,,
471,RB.L,2016-12-04,2016-12-11,6593.00,7120.915603870833,,
472,LAND.L,2016-12-04,2016-12-11,959.41,1027.7168228463038,,
473,MRW.L,2016-12-04,2016-12-11,216.50,193.1244162514564,,
474,SKY.L,2016-12-04,2016-12-11,767.50,877.8130444496725,,
475,LLOY.L,2016-12-04,2016-12-11,57.55,66.85860930771112,,
476,DCC.L,2016-12-04,2016-12-11,5930.00,6348.666566515045,,
477,SVT.L,2016-12-04,2016-12-11,2127.00,2258.3868382553155,,
478,ABF.L,2016-12-04,2016-12-11,2576.00,2961.80420924698,,
479,STJ.L,2016-12-04,2016-12-11,939.50,887.7966615100511,,
480,LAND.L,2016-12-04,2016-12-11,959.41,1035.9427654260696,,
481,ULVR.L,2016-12-04,2016-12-11,3110.50,3371.5476671255,,
482,REX.L,2016-12-04,2016-12-11,645.0762,622.1182809063431,,
483,KGF.L,2016-12-04,2016-12-11,348.682,334.2426977249638,,
484,JMAT.L,2016-12-04,2016-12-11,3063.811279,2656.7953882028723,,
485,BA.L,2016-12-04,2016-12-11,594.00,521.7810407727543,,
486,TW.L,2016-12-04,2016-12-11,150.80,166.73237063111907,,
487,BT-A,2016-12-04,2016-12-11,,None,,
488,SGE.L,2016-12-04,2016-12-11,639.50,602.0920798291669,,
489,MNDI.L,2016-12-04,2016-12-11,1586.00,1365.007543643435,,
490,OML.L,2016-12-04,2016-12-11,184.392685,181.81857200850294,,
491,PSON.L,2016-12-04,2016-12-11,787.43,824.7367097422078,,
492,GKN.L,2016-12-04,2016-12-11,303.10,299.2979517439627,,
493,SL.L,2016-12-04,2016-12-11,345.70,330.38861728641484,,
494,PFG.L,2016-12-04,2016-12-11,2853.00,2698.6807886685588,,
495,DGE.L,2016-12-04,2016-12-11,1957.50,2026.5242993882134,,
496,DLG.L,2016-12-04,2016-12-11,347.30,359.670744025638,,
497,BRBY.L,2016-12-04,2016-12-11,1412.00,1242.1767557971423,,
498,LSE.L,2016-12-04,2016-12-11,2671.00,2642.6719384012636,,
499,IMB.L,2016-12-04,2016-12-11,3395.50,3755.8367312223913,,
500,PSN.L,2016-12-04,2016-12-11,1696.00,1893.5063807869485,,
501,LGEN.L,2016-12-04,2016-12-11,242.48,230.43151808265978,,
502,AV.L,2016-12-04,2016-12-11,443.40,382.34942133061463,,
503,ITRK.L,2016-12-04,2016-12-11,3247.00,3185.1738329729196,,
504,BAB.L,2016-12-04,2016-12-11,950.00,947.6726234489943,,
505,WPP.L,2016-12-04,2016-12-11,1669.85,1670.424804641703,,
506,IAG.L,2016-12-04,2016-12-11,416.00,435.7513339238117,,
507,ANTO.L,2016-12-04,2016-12-11,693.50,488.1604484929489,,
508,SHP.L,2016-12-04,2016-12-11,4589.50,4078.6856683850024,,
509,BDEV.L,2016-12-04,2016-12-11,475.30,522.0306137883886,,
510,SAB.L,2016-12-04,2016-12-11,4494.50,4270.472735653922,,
511,CPG.L,2016-12-04,2016-12-11,1341.00,1262.0713623639485,,
512,GLEN.L,2016-12-04,2016-12-11,277.87,167.18199672075926,,
513,CRH.L,2016-12-04,2016-12-11,2575.00,2005.1845328909874,,
514,SN.L,2016-12-04,2016-12-11,1116.90,1218.0868505765434,,
515,ABF.L,2016-12-05,2016-12-12,2576.00,2900.7648104223645,,
516,STJ.L,2016-12-05,2016-12-12,939.50,922.4303073061328,,
517,JMAT.L,2016-12-05,2016-12-12,3063.811279,2715.767147984294,,
518,FRES.L,2016-12-05,2016-12-12,1198.00,1084.5470654607395,,
519,MNDI.L,2016-12-05,2016-12-12,1585.86,1348.1750307788498,,
520,CNA.L,2016-12-05,2016-12-12,208.20,199.32911682992923,,
521,ITRK.L,2016-12-05,2016-12-12,3247.00,3241.1020401070396,,
522,RSA.L,2016-12-05,2016-12-12,529.00,504.5849941838237,,
523,REL.L,2016-12-05,2016-12-12,1337.00,1324.543637211304,,
524,TPK.L,2016-12-05,2016-12-12,1369.00,1645.0470033301272,,
525,TW.L,2016-12-05,2016-12-12,150.80,166.41614177004058,,
526,HSBA.L,2016-12-05,2016-12-12,627.4358,444.043998952691,,
527,DCC.L,2016-12-05,2016-12-12,5930.00,6397.281773701171,,
528,SL.L,2016-12-05,2016-12-12,345.70,321.0750330899054,,
529,LSE.L,2016-12-05,2016-12-12,2671.00,2664.875649399479,,
530,RBS.L,2016-12-05,2016-12-12,193.40,219.45949708231188,,
531,MKS.L,2016-12-05,2016-12-12,327.20,334.23676314551255,,
532,AHT.L,2016-12-05,2016-12-12,1535.00,1164.9659332427286,,
533,REX.L,2016-12-05,2016-12-12,645.0762,626.1912951451457,,
534,BNZL.L,2016-12-05,2016-12-12,2034.00,2216.673560331448,,
535,SKY.L,2016-12-05,2016-12-12,767.50,882.3371985803219,,
536,WPG.L,2016-12-05,2016-12-12,259.80,289.7140241827072,,
537,NXT.L,2016-12-05,2016-12-12,4866.00,5203.732692241785,,
538,BAB.L,2016-12-05,2016-12-12,950.00,944.8766233956192,,
539,BRBY.L,2016-12-05,2016-12-12,1412.00,1255.2973507885395,,
540,CCH.L,2016-12-05,2016-12-12,1632.00,1437.4461782525386,,
541,NG.L,2016-12-05,2016-12-12,902.80,1077.5790769647374,,
542,ARM.L,2016-12-05,2016-12-12,1701.90,986.299644270955,,
543,SSE.L,2016-12-05,2016-12-12,1478.00,1507.8529150789245,,
544,GKN.L,2016-12-05,2016-12-12,303.1951,293.41786470479065,,
545,LAND.L,2016-12-05,2016-12-12,959.41,1038.8048811820684,,
546,VOD.L,2016-12-05,2016-12-12,191.38,211.66152281901913,,
547,EXPN.L,2016-12-05,2016-12-12,1511.86,1427.1510224863857,,
548,ADM.L,2016-12-05,2016-12-12,1840.00,1911.8631234133493,,
549,III.L,2016-12-05,2016-12-12,679.00,4.453633645903908,,
550,MERL.L,2016-12-05,2016-12-12,432.202606,451.439613790527,,
551,MDC.L,2016-12-05,2016-12-12,682.0154,None,,
552,HL.L,2016-12-05,2016-12-12,1179.89,1215.7052398070243,,
553,TUI.L,2016-12-05,2016-12-12,1035.00,1013.8566462291166,,
554,STAN.L,2016-12-05,2016-12-12,645.00,490.5972627197522,,
555,SVT.L,2016-12-05,2016-12-12,2127.00,2287.1270671256307,,
556,TUI.L,2016-12-05,2016-12-12,1037.678467,1060.9972354023955,,
557,UU.L,2016-12-05,2016-12-12,882.42,977.7154852109958,,
558,HMSO.L,2016-12-05,2016-12-12,534.95,546.9381624302633,,
559,SN.L,2016-12-05,2016-12-12,1116.90,1204.9252520096004,,
560,RDSB.L,2016-12-05,2016-12-12,2150.685,1987.7488283426594,,
561,ARM.L,2016-12-05,2016-12-12,1701.90,958.6391882653621,,
562,STAN.L,2016-12-05,2016-12-12,645.5163,494.54012777893587,,
563,AZN.L,2016-12-05,2016-12-12,4037.448,4033.825819302984,,
564,DCC.L,2016-12-05,2016-12-12,5939.4712,6367.679143853829,,
565,CNA.L,2016-12-05,2016-12-12,207.698853,185.6605442465126,,
566,TSCO.L,2016-12-05,2016-12-12,206.73,169.08923172019644,,
567,IMB.L,2016-12-05,2016-12-12,3395.50,3746.123543711879,,
568,PPB.L,2016-12-05,2016-12-12,8305.00,9090.952884046812,,
569,WOS.L,2016-12-05,2016-12-12,4671.8066,3771.531068875358,,
570,WPP.L,2016-12-05,2016-12-12,1669.85,1680.5057066734953,,
571,HL.L,2016-12-05,2016-12-12,1180.00,1221.13329836551,,
572,MNDI.L,2016-12-05,2016-12-12,1585.86,1365.6721936121048,,
573,BNZL.L,2016-12-05,2016-12-12,2033.82,2200.4192839003636,,
574,CCH.L,2016-12-05,2016-12-12,1631.85,1338.286368893497,,
575,MDC.L,2016-12-05,2016-12-12,682.0154,None,,
576,RBS.L,2016-12-05,2016-12-12,193.40,224.91734804395983,,
577,PFG.L,2016-12-05,2016-12-12,2849.4048,2893.0837300303033,,
578,SKY.L,2016-12-05,2016-12-12,767.223572,871.9522210827512,,
579,BLT.L,2016-12-05,2016-12-12,1304.00,871.0163243372693,,
580,PSON.L,2016-12-05,2016-12-12,787.43,816.9685733553614,,
581,REL.L,2016-12-05,2016-12-12,1329.9307,1312.0216579904459,,
582,LLOY.L,2016-12-05,2016-12-12,57.55,67.75142614057373,,
583,NG.L,2016-12-05,2016-12-12,902.72,1071.1977971191343,,
584,LSE.L,2016-12-05,2016-12-12,2671.00,2571.092398341506,,
585,GKN.L,2016-12-05,2016-12-12,303.1951,297.729833473382,,
586,WTB.L,2016-12-05,2016-12-12,3410.00,3750.578115074107,,
587,MKS.L,2016-12-05,2016-12-12,327.20,337.4379562122219,,
588,PSN.L,2016-12-05,2016-12-12,1699.1309,1911.7825072130881,,
589,BP.L,2016-12-05,2016-12-12,465.865723,398.9400535954267,,
590,SBRY.L,2016-12-05,2016-12-12,228.98,241.8395760772193,,
591,ABF.L,2016-12-05,2016-12-12,2553.1667,2917.823682345577,,
592,DLG.L,2016-12-05,2016-12-12,347.27,361.47532079250453,,
593,HSBA.L,2016-12-05,2016-12-12,627.4358,438.10691921958914,,
594,BA.L,2016-12-05,2016-12-12,593.95,519.7657259991935,,
595,AV.L,2016-12-05,2016-12-12,443.40,388.3358611980204,,
596,REX.L,2016-12-05,2016-12-12,645.0762,626.9680680210918,,
597,HIK.L,2016-12-05,2016-12-12,1641.0759,2097.9817777504836,,
598,SHP.L,2016-12-05,2016-12-12,4589.09,4206.059503130563,,
599,BATS.L,2016-12-05,2016-12-12,4347.00,4022.9135348950613,,
600,DGE.L,2016-12-05,2016-12-12,1959.7528,1977.8974093439936,,
601,LAND.L,2016-12-05,2016-12-12,959.41,1026.823590579703,,
602,TW.L,2016-12-05,2016-12-12,150.80,177.053549272524,,
603,VOD.L,2016-12-05,2016-12-12,191.38,207.3939068479657,,
604,EZJ.L,2016-12-05,2016-12-12,970.50,1143.568954621174,,
605,LGEN.L,2016-12-05,2016-12-12,242.48,227.96137517973827,,
606,REL.L,2016-12-05,2016-12-12,1329.9307,1304.1723431765108,,
607,ANTO.L,2016-12-05,2016-12-12,693.50,491.21744104141584,,
608,ITV.L,2016-12-05,2016-12-12,167.7294,198.32969021598825,,
609,WTB.L,2016-12-05,2016-12-12,3382.7390,3819.069880976332,,
610,NXT.L,2016-12-05,2016-12-12,4866.00,5212.028049447547,,
611,SBRY.L,2016-12-05,2016-12-12,228.98,245.6768854986475,,
612,FRES.L,2016-12-05,2016-12-12,1181.8728,1092.3538941456466,,
613,TSCO.L,2016-12-05,2016-12-12,206.73,172.25504879112512,,
614,PFG.L,2016-12-05,2016-12-12,2849.4048,2976.6638929456885,,
615,DGE.L,2016-12-05,2016-12-12,1959.7528,1958.0700280464214,,
616,CCL.L,2016-12-05,2016-12-12,3907.00,3550.2516107181204,,
617,WTB.L,2016-12-05,2016-12-12,3382.7390,3710.3755469564976,,
618,SHP.L,2016-12-05,2016-12-12,4589.09,4310.223707484692,,
619,NG.L,2016-12-05,2016-12-12,902.72,995.1843662063002,,
620,PSN.L,2016-12-05,2016-12-12,1699.1309,1935.1560740359423,,
621,GSK.L,2016-12-05,2016-12-12,1467.5186,1433.7156741999338,,
622,OML.L,2016-12-05,2016-12-12,184.392685,182.9498574127098,,
623,MKS.L,2016-12-05,2016-12-12,327.17,342.8645614532859,,
624,INF.L,2016-12-05,2016-12-12,641.94,698.3035285308588,,
625,AHT.L,2016-12-05,2016-12-12,1535.00,1067.5946794005085,,
626,REX.L,2016-12-05,2016-12-12,645.0762,628.3774028975199,,
627,BKG.L,2016-12-05,2016-12-12,2760.00,2929.9557665238967,,
628,SN.L,2016-12-05,2016-12-12,1116.90,1243.2506701762957,,
629,BNZL.L,2016-12-05,2016-12-12,2033.82,2163.672666095382,,
630,BA.L,2016-12-05,2016-12-12,593.95,519.6747093833311,,
631,RIO.L,2016-12-05,2016-12-12,3005.50,1964.7818203680258,,
632,BRBY.L,2016-12-05,2016-12-12,1411.87,1263.6985769653993,,
633,PRU.L,2016-12-05,2016-12-12,1559.8406,1454.9770978727126,,
634,CPG.L,2016-12-05,2016-12-12,1322.106,1264.0752347290106,,
635,SL.L,2016-12-05,2016-12-12,345.67,326.862857150819,,
636,LAND.L,2016-12-05,2016-12-12,959.41,1030.5709977621732,,
637,DLG.L,2016-12-05,2016-12-12,347.27,353.2254803165815,,
638,STAN.L,2016-12-05,2016-12-12,645.00,483.9409627349916,,
639,HIK.L,2016-12-05,2016-12-12,1641.0759,2074.0571009529926,,
640,BAB.L,2016-12-05,2016-12-12,941.5815,939.6166431255684,,
641,ARM.L,2016-12-05,2016-12-12,1701.90,961.9727359148883,,
642,ULVR.L,2016-12-05,2016-12-12,3112.591,3341.615486813699,,
643,RRS.L,2016-12-05,2016-12-12,5824.48,7312.530963661678,,
644,RDSB.L,2016-12-05,2016-12-12,2150.685,1935.4331217124386,,
645,HMSO.L,2016-12-05,2016-12-12,534.95,545.7407796390514,,
646,HL.L,2016-12-05,2016-12-12,1179.89,1227.597120092118,,
647,CCH.L,2016-12-05,2016-12-12,1631.85,1436.9605590979068,,
648,ITRK.L,2016-12-05,2016-12-12,3207.458984,3269.9096756065424,,
649,SVT.L,2016-12-05,2016-12-12,2126.81,2157.4330838533697,,
650,IMB.L,2016-12-05,2016-12-12,3395.19,3617.299452473127,,
651,GLEN.L,2016-12-05,2016-12-12,277.87,152.4345476774696,,
652,CPI.L,2016-12-05,2016-12-12,541.95,843.1860841829498,,
653,LGEN.L,2016-12-05,2016-12-12,242.48,231.21264923568742,,
654,DCC.L,2016-12-05,2016-12-12,5939.4712,6294.099142720737,,
655,BARC.L,2016-12-05,2016-12-12,213.287,159.1142536156633,,
